participant_id	sex
sub-OIVHX0	M
sub-A1N0N1	M
sub-T4EBLJ	M
sub-N0BBMQ	M
sub-J3VMVY	F
sub-WUHMPF	M
sub-A1PJH1	M
sub-VCCOBD	M
sub-ZNOW35	M
sub-VHUXUT	M
sub-QDIVYE	F
sub-WYE2MD	F
sub-WQ3I3R	M
sub-Y8TFTJ	F
sub-W7N8QM	M
sub-F8B6OT	F
sub-ETQNDB	F
sub-IYF6S1	M
sub-LIDPOT	F
sub-XKWCDJ	M
sub-HCCXX8	M
sub-CTSMYK	M
sub-N7V2NF	F
sub-J9Y1GK	F
sub-ZT8FMV	M
sub-QHUDM2	F
sub-ZB4SJ3	M
sub-JVYZ9B	F
sub-WSJUP6	F
sub-QKOXR0	M
sub-UNCIDR	M
sub-T1GN2F	M
sub-YE1BSZ	F
sub-O6HSEV	F
sub-GNM3NG	F
sub-ILIGMH	M
sub-XPAQ2Q	M
sub-PGX5UW	F
sub-ZH5DKJ	F
sub-HVHRIV	F
sub-A03UGV	F
sub-YGBDA3	M
sub-PAM87W	F
sub-WFMK1U	M
sub-P4PN4W	F
sub-CK6HBK	F
sub-CCK1T6	M
sub-OE3AHL	F
sub-WU8UFW	F
sub-PSC34L	F
sub-SG1XMG	M
sub-RVJNUN	M
sub-H2KOS9	M
sub-GOYYLL	F
sub-RUT79L	F
sub-OW10DN	M
sub-EWXGSX	F
sub-BG7SJT	M
sub-YBH75L	F
sub-MHRF44	F
sub-NXVHI4	M
sub-YCBZKM	M
sub-QBM5VU	M
sub-TAMZ2X	M
sub-JT87FT	F
sub-Q72AHU	F
sub-KB3MMQ	F
sub-JPF78J	M
sub-MKP611	F
sub-TCICZD	F
sub-XYI66Q	F
sub-U9K7UW	F
sub-EGQPIV	M
